1;Landtogt 1848;God save the king;1848
2;Vriendschapslied;Wij leven vrij, wij leven blij;1848
3;Koppermaandag 1849;;1849
4;Landtogt 1849;Io Vivat;1849
5;Avondzang;t Wordt duister mijn Roosje!;1849
6;Koppermaandag 1850 - feestzang;;1850
7;Landtogt 1850 - Welkom;Schep vreugde in 't leven enz.;1850
8;Aan de drukkunst;C'est l'amour etc.;1850
9;Afscheid;Wat wordt het laat, de klok slaat acht!;1850
10;Toasten;God save the king;1850
11;Morgenzang;Wien Neerlands bloed in d'adren vloeit;1850
12;Voorwaarts;t Was laatstmaal op een zomernacht;1850
13;Des avonds;Hij die als man zijn pligt betracht;1850
14;Landtogt 1851 Het bestendig genot der vriendschap;Wien Neerlands bloed in d'adren vloeit;1851
15;;God save the king;1851
16;Koppermaandag 1852 - Feestlied;Wien Neerlands bloed in d'adren vloeit;1852
17;Feestzang;;1852
18;Landtogt 1852 - Morgenlied;De wereld is in rep en roer;1852
19;Voorwaarts!;Kom mijn bruintje stap wat aan;1852
20;Koppermaandag 1853;Waar is Keesje?;1853
21;Feestzang;Wien Neerlands bloed in d'adren vloeit;1853
22;Landtogt 1853;Morgenlied;1853
23;Vaarwel;Io Vivat;1853
24;Avondlied;Zoutmans glorie;1853
25;Op Domburg;Vivat Oranje Hoezee!;1853
26;Koppermaandag 1854 - Herinnering aan Laurens Coster;Is 't u bekend, getrouwe burgerscharen?;1854
27;Gelegenheids-zang;Elize 'k zag u en ik minde;1854
28;Hulde aan Coster;Wie praalt aan 't hoofd, enz..;1854
29;Afscheidslied;Wien Neerlands bloed in d'adren vloeit;1854
30a;Erezang aan Coster;Brulant d'amour;1854
30b;Slotzang;Wien Neerlands bloed in d'adren vloeit;1854
31;Landtogt 1854 - Morgenzang;Wien Neerlands bloed in d'adren vloeit;1854
32;Landtogt;Io Vivat;1854
33;Drukkerslied;Al is het prinsje nog zo klein, hoezee!;1854
34;Afscheid aan Domburg;Henry's drinklied;1854
35;Koppermaandag 1855;Brulant d'amour;1855
36;Triomfzang;;1855
37;;;1855
38;Landtogt 1855 - Vaarwel aan Middelburg;Aan tafel dan, dat gulle vreugd;1855
39;Voorwaarts;C'est l'amour etc.;1855
40;Bij onze thuiskomst;Io Vivat;1855
41;Koppermaandag 1856 - Hulde aan de Boekdrukkunst;;1856
42;Landtogt 1856 - Morgenzang;De wereld is in rep en roer;1856
43;Aan Laurens Janszoon Coster - tusschenzang;No 1, uit de Witte Burgvrouw;1856
44;Avondzang;Elize 'k zag u en ik minde;1856
45;De drukkunst;Wien Neerlands bloed in d'adren vloeit;1856
46;Onder de marsch;Schep vreugde in 't leven enz.;1856
47;Koppermaandag 1857 - Aan Laurens Janszoon Coster;Brouwer en Graasbeek zijn steeds bazen;1857
48;Feestzang;Henry's drinklied;1857
49;Feestzang;Zoutmans glorie;1857
50;Hulde aan de vrouwen;Wien Neerlands bloed in d'adren vloeit;1857
51;Landtogt 1857 - Morgenzang;Colijn een brave boeren zoon;1857
52;Avondzang;Wien Neerlands bloed in d'adren vloeit;1857
53;Koppermaandag 1858 Feestzang;Slotzang uit Brouwer en Graasbeek;1858
54;Koppermaandagfeest 1858;Wij leven zeer verstandig;1858
55;De letterzetter;Aan tafel dan, dat gulle vreugd;1858
56;Pleiziertogt 1858, naar Goes en omstreken - Morgenzang;Voortgegaan, gegaan;1858
57;Morgengroet aan de Goessche Typografen;Wien Neerlands bloed in d'adren vloeit;1858
58;Feestzang (Toepasselijk op de Boekdrukkunst);Welkom vrienden;1858
59;Landtogt 1859 Morgenzang;Aan tafel dan, dat gulle vreugd;1859
60;Aan Domburg;Brouwer en Graasbeek zijn steeds bazen;1859
61;Koppermaandag 1860 Feestzang;Wien Neerlands bloed in d'adren vloeit;1860
62;Vereenigde Landtogt. Welkomstgroet aan de Goessche Typografen;Wien Neerlands bloed in d'adren vloeit;1860
63;Tafelzang;Makkers brengt met stem en snaren;1860
64;Afscheidsgroet aan de Typografische Vereeniging: Laurens Coster te Goes;Io Vivat;1860
65;Tafelzang;Wien Neerlands bloed in d'adren vloeit;1860
66;Koppermaandag 1861 Feestzang;Slotzang uit Brouwer en Graasbeek;1861
67;Landtogt 1861 Morgenzang;Zoutmans glorie;1861
68;Avondzang;Als heel de wereld is verliefd;1861
69;Op reis;Al is het prinsje nog zo klein, hoezee!;1861
70;Koppermaandag 1862;Wien Neerlands bloed in d'adren vloeit;1862
71;Landtogt 1862 De morgenstond;De wereld is in rep en roer;1862
72;Morgengroet aan de Vereeniging Laurens Coster te Goes;Welkom vrienden;1862
73;Koppermaandag 1863 Bij de opening van het feest;Wien Neerlands bloed in d'adren vloeit;1863
74;Toast-lied;Solderen, solderen;1863
75;Lied;Het Pennelikkerslied;1863
76;Danktoon;Io Vivat;1863
77;Landtogt 1863 Morgenzang;No 1, uit de Witte Burgvrouw;1863
78;Feestlied;Eene kleine wonderschoone;1863
79;Tafelzang;Als de boomen buiten bloeijen;1863
80;Afscheid na den Landtogt 1863;Wien Neerlands bloed in d'adren vloeit;1863
81;Feestzang bij het 50jarig bestaan van Neerlands onafhankelijkheid;Wien Neerlands bloed in d'adren vloeit;1863
82;Feestliederen bij gelegenheid der Nationale feestviering I Wilhelmus;Wilhelmus;1863
83;II De Oranjeboom;Te souviens-tu;1863
84;III;Henry's drinklied;1863
85;IV;Brulant d'amour;1863
86;V;De koning leev!;1863
87;VI Volkslied;Wij leven vrij, wij leven blij;1863
